"conversation_id_str","created_at","favorite_count","full_text","id_str","image_url","in_reply_to_screen_name","lang","location","quote_count","reply_count","retweet_count","tweet_url","user_id_str","username"
"1841437294047174905","Wed Oct 02 11:17:17 +0000 2024","0","Sudah coba aplikasi Fore Coffee? Dapatkan diskon 50% untuk pembelian pertamamu! Download sekarang dan masukkan kode referral BEF8CA saat registrasi. https://t.co/pZ7Q3u6Kol","1841437294047174905","","","in","","0","0","0","https://x.com/alfarislutfie09/status/1841437294047174905","1801947481892335616","alfarislutfie09"
"1841437125654233300","Wed Oct 02 11:16:37 +0000 2024","0","Sudah coba aplikasi Fore Coffee? Dapatkan diskon 50% untuk pembelian pertamamu! Download sekarang dan masukkan kode referral 6A04DC saat registrasi. https://t.co/jQPJcVr5FH","1841437125654233300","","","in","DKI Jakarta, Indonesia","0","0","0","https://x.com/OirkMan/status/1841437125654233300","2958665036","OirkMan"
"1841435511938072820","Wed Oct 02 11:10:12 +0000 2024","0","Sudah coba aplikasi Fore Coffee? Dapatkan diskon 50% untuk pembelian pertamamu! Download sekarang dan masukkan kode referral 8036A2 saat registrasi. https://t.co/oyMmMDs9Mr","1841435511938072820","","","in","","0","0","0","https://x.com/kimcibokeumbab/status/1841435511938072820","4535708654","kimcibokeumbab"
"1841425707689222225","Wed Oct 02 10:31:15 +0000 2024","0","Tolong rekomendasikan saya menu fore (coffee/non)","1841425707689222225","","","in","","0","7","0","https://x.com/fzrdwgstr/status/1841425707689222225","453721916","fzrdwgstr"
"1841388403621028207","Wed Oct 02 08:03:01 +0000 2024","0","lumayan dapet potongan voucher 50% up to 35% ada 3 voucher gasin ga sii Sudah coba aplikasi Fore Coffee? Dapatkan diskon 50% untuk pembelian pertamamu! Download sekarang dan masukkan kode referral A54C30 saat registrasi. https://t.co/FZSVbubhor #jobreceh #zonauang","1841388403621028207","","","in","dean.","0","0","0","https://x.com/okienawaa/status/1841388403621028207","1241659413510799361","okienawaa"
"1841349287524938218","Wed Oct 02 05:27:35 +0000 2024","0","KOPI FORE GRATIS B1G1 &amp; DISKON 50%! Untuk pengguna baru cukup buat akun dengan referral ini : FAA744 8FEDF8 #ForeCoffee #Gratis https://t.co/YJX7gPpdxe","1841349287524938218","https://pbs.twimg.com/media/GY3JapBbwAAHi3I.jpg","","in","","0","0","0","https://x.com/tensevery/status/1841349287524938218","989465218911621120","tensevery"
"1841344065016824105","Wed Oct 02 05:06:50 +0000 2024","1","first time trying fore coffee!!! nyobain yg butterscotch seasalt latte gada fotonya karena udh gue minym setengah. lumayan bgt dpt diskon pengguna baru jg jd bayarnya cuma 50%","1841344065016824105","","","in","","0","1","0","https://x.com/azemays/status/1841344065016824105","1203245981560496128","azemays"
"1841334717876154372","Wed Oct 02 04:29:41 +0000 2024","0","Sudah coba aplikasi Fore Coffee? Dapatkan diskon 50% untuk pembelian pertamamu! Download sekarang dan masukkan kode referral D231AB saat registrasi. https://t.co/2M2uqJmCdW","1841334717876154372","","","in","","0","1","0","https://x.com/falalanana/status/1841334717876154372","289268046","falalanana"
"1841285471873475044","Wed Oct 02 04:08:32 +0000 2024","0","@SoLegalAlien ke amplaz aja kak biar selesai nonton bisa mampir fore coffee.","1841329395098935307","","SoLegalAlien","in","Planet Pluto","0","1","0","https://x.com/aditkrisma/status/1841329395098935307","318812539","aditkrisma"
"1841329252559438314","Wed Oct 02 04:07:58 +0000 2024","0","Halo guys udah download apk Fore Coffee belum? Dapatkan diskon 50% sampai 3x maks. 35K/(b1g1) khusus pengguna baru Dengan masukkan kode referral 3F6F02 saat registrasi. ada birthday voucher b1g1 setiap tgl 25 dan buy2get3 setiap senin free upsize tiap weekend Promo fore https://t.co/906oFaQ2ja","1841329252559438314","https://pbs.twimg.com/media/GY23MZEaEAAI-Bj.jpg","","in","Indonesia","0","0","0","https://x.com/AnestyaRizky/status/1841329252559438314","1687942652","AnestyaRizky"
"1841317117188260016","Wed Oct 02 03:19:45 +0000 2024","0","Sudah coba aplikasi Fore Coffee? Dapatkan diskon 50% untuk pembelian pertamamu! Download sekarang dan masukkan kode referral 6AE4D4 saat registrasi. https://t.co/sfQavuPRNv","1841317117188260016","","","in","Indonesia","0","0","0","https://x.com/jaehyunjaesmile/status/1841317117188260016","1169984807889072128","jaehyunjaesmile"
"1841313800710156344","Wed Oct 02 03:06:34 +0000 2024","0","wts jual voc voucher fore coffee diskon 50% ALL ITEM fee 5k per voucher bebas minuman apa aja.kopi/non kopi ukuran reguler/large dan sandwich juga bisa. VOUCHER READY SISA SEDIKIT #zonauang #zonajajan #zonabu #wts #wtb #TimnasDay Elkan Mees hilgers Hubner Malik https://t.co/tMITySe09T","1841313800710156344","https://pbs.twimg.com/media/GY2pIRRasAASblA.jpg","","in","","0","0","0","https://x.com/SobadShopee/status/1841313800710156344","1676610715719725059","SobadShopee"
"1841305319563252131","Wed Oct 02 02:32:52 +0000 2024","0","Promo fore murah meriah! Dapat lebih dari 1 voucher gak perlu open rekening for qris wondr bni. Lewat aplikasi fore coffee bisa pakai kode refferal ini pas pertama download buat dapat minuman setengah harga. FD3F15 https://t.co/W3q0H3PDZe","1841305319563252131","https://pbs.twimg.com/media/GY2hbTUagAAO2Xs.jpg","","in","ৎ୭ wa:","1","0","0","https://x.com/sunkixs/status/1841305319563252131","1319217523758264320","sunkixs"
"1841298270313693222","Wed Oct 02 02:04:51 +0000 2024","0","Sudah coba aplikasi Fore Coffee? Dapatkan diskon 50% untuk pembelian pertamamu! Download sekarang dan masukkan kode referral 0F17C1 saat registrasi. https://t.co/by2UWePD7D Diskon fore promo fore kode referal fore","1841298270313693222","","","in","she/her 01's","0","0","0","https://x.com/hwangjin2503/status/1841298270313693222","1259203102697086976","hwangjin2503"
"1841297510008344822","Wed Oct 02 02:01:50 +0000 2024","0","KOPI FORE GRATIS B1G1 &amp; DISKON 50%! Untuk pengguna baru cukup buat akun dengan referral ini : FAA744 8FEDF8 #ForeCoffee #Gratis https://t.co/kYcH3Z04kn","1841297510008344822","https://pbs.twimg.com/media/GY2aU1Oa0AAEqau.jpg","","in","","0","0","0","https://x.com/tensevery/status/1841297510008344822","989465218911621120","tensevery"
"1841295709905223817","Wed Oct 02 01:54:41 +0000 2024","0","Ada promo Fore Coffee diskon 50% untuk pembelian pertama lewat aplikasi pake kode referral ini buat daftar yaa Kode referral: BDAABA https://t.co/4tYJaC24Vj","1841295709905223817","","","in","vancouver '23","0","0","0","https://x.com/seungcheolw2e/status/1841295709905223817","1682284724964950016","seungcheolw2e"
"1841252683275256307","Tue Oct 01 23:03:43 +0000 2024","0","Sudah coba aplikasi Fore Coffee? Dapatkan diskon 50% untuk pembelian pertamamu! Download sekarang dan masukkan kode referral 6A04DC saat registrasi. https://t.co/7BcmmM8cW3","1841252683275256307","","","in","Jakarta","0","0","0","https://x.com/Rio_D2Q/status/1841252683275256307","80601455","Rio_D2Q"
"1841247293569450415","Tue Oct 01 22:42:18 +0000 2024","0","Sudah coba aplikasi Fore Coffee? Dapatkan diskon 50% untuk pembelian pertamamu! Download sekarang dan masukkan kode referral 251D45 saat registrasi. https://t.co/MMmpozLNmZ","1841247293569450415","","","in","","1","0","0","https://x.com/yjm_krn/status/1841247293569450415","1445066554928865286","yjm_krn"
"1841134303041945625","Tue Oct 01 15:13:19 +0000 2024","0","ada yang punya kode referral fore coffee ga? sini aku pake kodenyaaa","1841134303041945625","","","in","ilhoon heart","0","3","0","https://x.com/changchubie/status/1841134303041945625","1159453231400886273","changchubie"
"1841129005216645400","Tue Oct 01 14:52:16 +0000 2024","0","Sudah coba aplikasi Fore Coffee? Dapatkan diskon 50% untuk pembelian pertamamu! Download sekarang dan masukkan kode referral 5A0A78 saat registrasi. https://t.co/wJU2WxpXun","1841129005216645400","","","in","","0","0","0","https://x.com/NataliaNH12/status/1841129005216645400","941260025925734400","NataliaNH12"
"1840944982108328414","Tue Oct 01 02:41:01 +0000 2024","0","KOPI FORE GRATIS B1G1 &amp; DISKON 50%! Untuk pengguna baru cukup buat akun dengan referral ini : FAA744 8FEDF8 #ForeCoffee #Gratis https://t.co/Fn7ajTfDe2","1840944982108328414","https://pbs.twimg.com/media/GYxZtDobQAEWXhY.jpg","","in","","0","0","0","https://x.com/tensevery/status/1840944982108328414","989465218911621120","tensevery"
"1840944271186411814","Tue Oct 01 02:38:11 +0000 2024","0","Sudah coba aplikasi Fore Coffee? Dapatkan diskon 50% untuk pembelian pertamamu! Download sekarang dan masukkan kode referral 6A04DC saat registrasi. https://t.co/jQPJcVrDvf","1840944271186411814","","","in","DKI Jakarta, Indonesia","0","0","0","https://x.com/OirkMan/status/1840944271186411814","2958665036","OirkMan"
"1840931958232346791","Tue Oct 01 01:49:16 +0000 2024","0","Sudah coba aplikasi Fore Coffee? Dapatkan diskon 50% untuk pembelian pertamamu! Download sekarang dan masukkan kode referral F4D2C7 saat registrasi. https://t.co/8tWviLNy5O","1840931958232346791","","","in","","0","0","0","https://x.com/meyxtape/status/1840931958232346791","1120641866364407808","meyxtape"
"1840891535271076333","Mon Sep 30 23:08:38 +0000 2024","0","Sudah coba aplikasi Fore Coffee? Dapatkan diskon 50% untuk pembelian pertamamu! Download sekarang dan masukkan kode referral 6A04DC saat registrasi. https://t.co/7BcmmM8cW3","1840891535271076333","","","in","Jakarta","0","0","0","https://x.com/Rio_D2Q/status/1840891535271076333","80601455","Rio_D2Q"
"1840757060310532254","Mon Sep 30 14:14:17 +0000 2024","0","Dear Fore's Friends.... Sudah coba aplikasi Fore Coffee? Dapatkan diskon 50% untuk pembelian pertamamu! Download sekarang dan masukkan kode referral 6A04DC saat registrasi. https://t.co/jQPJcVrDvf","1840757060310532254","","","in","DKI Jakarta, Indonesia","0","0","0","https://x.com/OirkMan/status/1840757060310532254","2958665036","OirkMan"
"1840706564812046444","Mon Sep 30 12:31:27 +0000 2024","0","@Inkaiserin Hai ka kami mohon maaf atas kendala serta ketidaknyamanan yang dialami. Silahkan dapat menginformasikan kembali keluhannya melalui layanan Customer Service kami di nomor +62812-1111-8456 agar kami dapat bantu pengecekan. Terima Kasih Salam hangat","1840731179592691850","","Inkaiserin","in","Jakarta","0","0","0","https://x.com/ForeCoffeeID/status/1840731179592691850","1165912576187719680","ForeCoffeeID"
"1840727453905641518","Mon Sep 30 12:16:38 +0000 2024","0","Dear Fore's Friend.... Sudah coba aplikasi Fore Coffee? Dapatkan diskon 50% untuk pembelian pertamamu! Download sekarang dan masukkan kode referral 6A04DC saat registrasi. https://t.co/7BcmmM8cW3","1840727453905641518","","","in","Jakarta","0","0","0","https://x.com/Rio_D2Q/status/1840727453905641518","80601455","Rio_D2Q"
"1840726575349985635","Mon Sep 30 12:13:09 +0000 2024","0","Sudah mencoba aplikasi Fore Coffee? Dapatkan diskon 50% untuk pembelian pertamamu! Download sekarang dan masukkan kode referral 6A04DC saat registrasi. https://t.co/jQPJcVrDvf","1840726575349985635","","","in","DKI Jakarta, Indonesia","0","0","0","https://x.com/OirkMan/status/1840726575349985635","2958665036","OirkMan"
"1840718537872273418","Mon Sep 30 11:41:12 +0000 2024","0","Promo fore coffee 50% masih ready mumpung lagi standby fastresp Testimoni liat profile #zonauang https://t.co/oJcoo3Pljt","1840718537872273418","https://pbs.twimg.com/media/GYuLv8rbkAAf0T9.jpg","","in","Malang, Jawa Timur","0","0","0","https://x.com/yawisbaehan/status/1840718537872273418","1141055817182896128","yawisbaehan"
"1840667143081537606","Mon Sep 30 08:16:59 +0000 2024","85","Diskon Rp30.000 untuk pembelian 2 cup Fore Coffee dengan pembayaran menggunakan QRIS wondr by BNI ️ Setiap Senin hingga 28 Oktober 2024 https://t.co/ZLBeIvkpWv","1840667143081537606","https://pbs.twimg.com/media/GYtdAxFa8AAWU-g.jpg","","in","racunbelanja@gmail.com","5","10","11","https://x.com/RacunBelanja/status/1840667143081537606","1168336921237409792","RacunBelanja"
"1840663454522499349","Mon Sep 30 08:02:20 +0000 2024","0","Kode promo refferal fore coffee diskon 50% max 35k 3x transaksi bisa menu minuman &amp; makanan semua varian menu untuk pengguna baru yaps!!! A0BCAE Fore coffee belasan ribu aja seng Kalo kesusahan masukin referral nya bisa dm aku yaaa manieszzz #zonauang #zonajajan https://t.co/jX281da6qg","1840663454522499349","https://pbs.twimg.com/media/GYtZqCCbcAAh5wR.jpg","","in","Palembang","0","0","0","https://x.com/hopeeblueside/status/1840663454522499349","1227609279395291137","hopeeblueside"
"1840650465492795677","Mon Sep 30 07:10:43 +0000 2024","0","Daripada ngantuk di kelas mending jajan kopi dulu yuk di Fore Coffee biar makin fokus! ️ Ada diskon hingga Rp50K loh buat kamu yang udah join GOKS! Cuss cek https://t.co/VGgRXtqz9T sekarang buat dapetin promonya! #GOKS! #goksindo #DiskonGokil #PromoMahasiswa https://t.co/Bg3f2SUjOS","1840650465492795677","https://pbs.twimg.com/media/GYtN1e6bQAA_MTC.jpg","","in","","0","0","0","https://x.com/goks_Indo/status/1840650465492795677","1504817407851831297","goks_Indo"
"1840628448416719147","Mon Sep 30 05:43:13 +0000 2024","0","wts jual voc voucher fore coffee diskon 50% ALL ITEM fee 5k per voucher bebas minuman apa aja.kopi/non kopi ukuran reguler/large dan sandwich juga bisa. VOUCHER READY SISA SEDIKIT #zonauang #zonajajan #zonabu #wts #wtb #TimnasDay Gorontalo Mandalika Diddy #IndonesianGP Raffi https://t.co/s7jvxvUJ7K","1840628448416719147","https://pbs.twimg.com/media/GYs50ThboAA4n81.jpg","","in","","0","0","0","https://x.com/SobadShopee/status/1840628448416719147","1676610715719725059","SobadShopee"
"1840619251834695791","Mon Sep 30 05:06:41 +0000 2024","0","Sudah mencoba aplikasi Fore Coffee? Dapatkan diskon 50% untuk pembelian pertamamu! Download sekarang dan masukkan kode referral 6A04DC saat registrasi. https://t.co/7BcmmM8cW3","1840619251834695791","","","in","Jakarta","0","0","0","https://x.com/Rio_D2Q/status/1840619251834695791","80601455","Rio_D2Q"
"1840619110516027541","Mon Sep 30 05:06:07 +0000 2024","0","w sm bisma kemaren ke brighspot ratu plaza gabeli apa2 ujung2nya beli fore coffee di panin bank","1840619110516027541","","","in","United Kingdom","0","1","0","https://x.com/sappyderman/status/1840619110516027541","2324099851","sappyderman"
"1840587375409234081","Mon Sep 30 03:00:01 +0000 2024","0","Butuh kopi biar on terus di kantor? Dapatkan penawaran spesial. Hemat Rp20.000 - untuk pesan Fore Coffee di GrabFood dengan Kartu Debit dan Kredit Danamon. Berlaku hingga 31 Desember 2024. Info lengkap: https://t.co/dfvNgLvolJ #TumbuhBersamaDanamonGroup #PromoDanamon https://t.co/y5AF039ii6","1840587375409234081","https://pbs.twimg.com/media/GYsUdnQXwAAf58I.jpg","","in","Jakarta, Indonesia","0","0","0","https://x.com/danamon/status/1840587375409234081","166880064","danamon"
"1840585302047629614","Mon Sep 30 02:51:47 +0000 2024","0","Sudah coba aplikasi Fore Coffee? Dapatkan diskon 50% untuk pembelian pertamamu! Download sekarang dan masukkan kode referral B23CF2 saat registrasi. https://t.co/n4Ylibwppx","1840585302047629614","","","in","Tegal, Jawa Tengah","0","0","0","https://x.com/anstsyvrnca/status/1840585302047629614","1444725880622776320","anstsyvrnca"
"1840576696845787529","Mon Sep 30 02:17:35 +0000 2024","0","Rugi banget kalau ke Fore Coffee nggak pesen via aplikasi. Gih daftar ajaa biar dapet harga semurah ini. Pakai referralku yak! Dapatkan diskon 50% untuk pembelian pertamamu! Cus download sekarang dan masukkan kode referral B01F84 saat registrasi. https://t.co/w1aLbi0LVh https://t.co/l04HNooPpm","1840576696845787529","https://pbs.twimg.com/media/GYsKvzKasAAgXl4.jpg","","in","","0","0","0","https://x.com/blessed__loved/status/1840576696845787529","1712165532890517505","blessed__loved"
"1840564858397524427","Mon Sep 30 01:30:32 +0000 2024","0","Sudah coba aplikasi Fore Coffee? Dapatkan diskon 50% untuk pembelian pertamamu! Download sekarang dan masukkan kode referral 6A04DC saat registrasi. https://t.co/jQPJcVrDvf","1840564858397524427","","","in","DKI Jakarta, Indonesia","0","0","0","https://x.com/OirkMan/status/1840564858397524427","2958665036","OirkMan"
"1840527435764486590","Sun Sep 29 23:01:50 +0000 2024","0","Sudah coba aplikasi Fore Coffee? Dapatkan diskon 50% untuk pembelian pertamamu! Download sekarang dan masukkan kode referral 6A04DC saat registrasi. https://t.co/7BcmmM8cW3","1840527435764486590","","","in","Jakarta","0","0","0","https://x.com/Rio_D2Q/status/1840527435764486590","80601455","Rio_D2Q"
"1840477847204577695","Sun Sep 29 19:44:47 +0000 2024","6","FORE COFFEE LAGI PROMO Bagi bagi 3 Voucher diskon 50% maksimal 35 ribu TANPA minimal belanja!!! caranya : cukup kalian download aplikasi Fore coffee registrasi dan MASUKIN KODE REFERAL : 3FA3B3 (wajib biar dapet promonya!) setelah itu cek di tab voucher bakal ada 3 voucher 50% https://t.co/VoLDwmgvaw","1840477847204577695","https://pbs.twimg.com/media/GYqw2BnbUAAI1ak.jpg","","in","","1","4","0","https://x.com/sisukaGorengan/status/1840477847204577695","1749753288101330944","sisukaGorengan"
"1840438639647662147","Sun Sep 29 17:09:00 +0000 2024","0","Yg mau minum kopi / matcha fore coffee yuk download appnya &amp; daftar pake kode 52BAB5 biar dpt voucher 50% maks 35rb!! Kpn lg butterscotch sea salt latte / matcha green tea jd 15rb? Menu yg lain jg bs","1840438639647662147","","","in","full thread:","0","0","0","https://x.com/cupidhoneymoon/status/1840438639647662147","1649420658785353736","cupidhoneymoon"
"1840438316812120361","Sun Sep 29 17:07:43 +0000 2024","0","Cara dpt promo diskon minuman di Fore Coffee cocok buat yg suka ngopi pas lg lunch/nugas/skripsian/malmingan Dpt voucher 50% (maks 35rb) bs buat minuman coffee &amp; non coffee. Cek thread ini buat info lengkapnya~","1840438316812120361","","","in","full thread:","0","0","0","https://x.com/cupidhoneymoon/status/1840438316812120361","1649420658785353736","cupidhoneymoon"
"1840399908731568370","Sun Sep 29 14:35:05 +0000 2024","0","Kehidupan perantau di hari sabtu minggu tanpa mie kober bebek sinjay fore coffee tuku kopi dan jank jank chicken wing ya begini begini saja. https://t.co/1kNs3v7vNr","1840399908731568370","https://pbs.twimg.com/media/GYpp9YYbQAAmkeU.jpg","","in","St Augustine, FL","0","0","0","https://x.com/RBSShelby/status/1840399908731568370","591653506","RBSShelby"
"1840396128115892383","Sun Sep 29 14:20:04 +0000 2024","0","Dear Friends.... Sudah coba aplikasi Fore Coffee? Dapatkan diskon 50% untuk pembelian pertamamu! Download sekarang dan masukkan kode referral 6A04DC saat registrasi. https://t.co/jQPJcVrDvf","1840396128115892383","","","in","DKI Jakarta, Indonesia","0","0","0","https://x.com/OirkMan/status/1840396128115892383","2958665036","OirkMan"
"1840358216728826328","Sun Sep 29 11:49:25 +0000 2024","0","Sudah mencoba aplikasi Fore Coffee? Dapatkan diskon 50% untuk pembelian pertamamu! Download sekarang dan masukkan kode referral 6A04DC saat registrasi. https://t.co/jQPJcVr5FH","1840358216728826328","","","in","DKI Jakarta, Indonesia","0","0","0","https://x.com/OirkMan/status/1840358216728826328","2958665036","OirkMan"
"1840357264773026076","Sun Sep 29 11:45:38 +0000 2024","0","Dear Friends.... Sudah coba aplikasi Fore Coffee? Dapatkan diskon 50% untuk pembelian pertamamu! Download sekarang dan masukkan kode referral 6A04DC saat registrasi. https://t.co/7BcmmM8cW3","1840357264773026076","","","in","Jakarta","0","0","0","https://x.com/Rio_D2Q/status/1840357264773026076","80601455","Rio_D2Q"
"1840357184867361068","Sun Sep 29 11:45:19 +0000 2024","0","Sudah mencoba aplikasi Fore Coffee? Dapatkan diskon 50% untuk pembelian pertamamu! Download sekarang dan masukkan kode referral 6A04DC saat registrasi. https://t.co/7BcmmM8cW3","1840357184867361068","","","in","Jakarta","0","0","0","https://x.com/Rio_D2Q/status/1840357184867361068","80601455","Rio_D2Q"
"1840330549707289042","Sun Sep 29 09:59:29 +0000 2024","0","voucher 50% FORE COFFEE masukin Kode Referal : 5A76C2 dapat diskon coffe tinggal masukin code reff / referral saat daftar aplikasi","1840330549707289042","","","in","","0","0","0","https://x.com/CatLucuk/status/1840330549707289042","1562390636200079360","CatLucuk"
"1840294158780772367","Sun Sep 29 08:55:55 +0000 2024","0","@madunsaid Apakah akan ada fore coffee date? ","1840314551298101715","","madunsaid","in","","0","1","0","https://x.com/Prasatya_212/status/1840314551298101715","1675191563637620736","Prasatya_212"
"1840284149279797641","Sun Sep 29 06:55:06 +0000 2024","0","Rugi banget kalau ke Fore Coffee nggak pesen via aplikasi. Gih daftar ajaa biar dapet harga semurah ini. Pakai referralku yak! Dapatkan diskon 50% untuk pembelian pertamamu! Cus download sekarang dan masukkan kode referral B01F84 saat registrasi. https://t.co/w1aLbi0LVh https://t.co/i6ZmeAjdQB","1840284149279797641","https://pbs.twimg.com/media/GYoArQnasAIZgdY.jpg","","in","","0","0","0","https://x.com/blessed__loved/status/1840284149279797641","1712165532890517505","blessed__loved"
"1840253988996034659","Sun Sep 29 04:55:15 +0000 2024","0","Halo guys udah download apk Fore Coffee? Dapatkan diskon 50% maks. 35K sebanyak 3x voucher khusus pengguna baru Dengan masukkan kode referral 3F6F02 saat registrasi. birthday voucher b1g1 di tgl 25 buy 2get3 tiap senin &amp; free upsize tiap weekend dll Promo fore coffee https://t.co/gU6HkzdziM","1840253988996034659","https://pbs.twimg.com/media/GYnlPy0asAEuI5V.jpg","","in","Indonesia","0","0","0","https://x.com/AnestyaRizky/status/1840253988996034659","1687942652","AnestyaRizky"
"1840252199722488076","Sun Sep 29 04:48:09 +0000 2024","0","wts jual voc voucher fore coffee diskon 50% ALL ITEM fee 5k per voucher bebas minuman apa aja.kopi/non kopi ukuran reguler/large dan sandwich juga bisa. VOUCHER READY SISA SEDIKIT #zonauang #zonajajan #zonabu #wts #wtb #TimnasDay Gorontalo Mandalika P Diddy #IndonesianGP https://t.co/OZvM9P9RJe","1840252199722488076","https://pbs.twimg.com/media/GYnjnjiasAEL8LE.jpg","","in","","0","1","0","https://x.com/SobadShopee/status/1840252199722488076","1676610715719725059","SobadShopee"
"1840211968646623325","Sun Sep 29 02:08:17 +0000 2024","0","Sudah coba aplikasi Fore Coffee? Dapatkan diskon 50% untuk pembelian pertamamu! Download sekarang dan masukkan kode referral 6A04DC saat registrasi. https://t.co/jQPJcVrDvf","1840211968646623325","","","in","DKI Jakarta, Indonesia","0","0","0","https://x.com/OirkMan/status/1840211968646623325","2958665036","OirkMan"
"1840165735051743514","Sat Sep 28 23:04:34 +0000 2024","0","Sudah coba aplikasi Fore Coffee? Dapatkan diskon 50% untuk pembelian pertamamu! Download sekarang dan masukkan kode referral 6A04DC saat registrasi. https://t.co/7BcmmM8cW3","1840165735051743514","","","in","Jakarta","0","0","0","https://x.com/Rio_D2Q/status/1840165735051743514","80601455","Rio_D2Q"
"1840040761565556966","Sat Sep 28 14:47:58 +0000 2024","0","Sudah coba aplikasi Fore Coffee? Dapatkan diskon 50% untuk pembelian pertamamu! Download sekarang dan masukkan kode referral 9F8589 saat registrasi. https://t.co/atrkIvIuCN","1840040761565556966","","","in","INDONESIA","0","0","0","https://x.com/ahmadnfl/status/1840040761565556966","1381824132","ahmadnfl"
"1840032701426102415","Sat Sep 28 14:15:56 +0000 2024","0","Dear Friends.... Sudah coba aplikasi Fore Coffee? Dapatkan diskon 50% untuk pembelian pertamamu! Download sekarang dan masukkan kode referral 6A04DC saat registrasi. https://t.co/jQPJcVrDvf","1840032701426102415","","","in","DKI Jakarta, Indonesia","0","0","0","https://x.com/OirkMan/status/1840032701426102415","2958665036","OirkMan"
"1840028527116333249","Sat Sep 28 13:59:21 +0000 2024","0","aku ga banyak ngopi sih ya grgr aslam tp pernah nyobain dan kata aku enak 1. fore coffee!! 2. kawan kopi 3. kopi cantel","1840028527116333249","","","in","O3, homophobic dni ‼️","0","1","0","https://x.com/sjyunflowers/status/1840028527116333249","1322878478568493056","sjyunflowers"
"1840002038387577281","Sat Sep 28 12:14:06 +0000 2024","0","Sudah coba aplikasi Fore Coffee? Dapatkan diskon 50% untuk pembelian pertamamu! Download sekarang dan masukkan kode referral A0B417 saat registrasi. https://t.co/huLPxlY3nn","1840002038387577281","","","in","","0","0","0","https://x.com/curahanhatiirt/status/1840002038387577281","1812455688704245760","curahanhatiirt"
"1840002021572985107","Sat Sep 28 12:14:02 +0000 2024","0","Sudah coba aplikasi Fore Coffee? Dapatkan diskon 50% untuk pembelian pertamamu! Download sekarang dan masukkan kode referral A0B417 saat registrasi. https://t.co/huLPxlYBcV","1840002021572985107","","","in","","0","0","0","https://x.com/curahanhatiirt/status/1840002021572985107","1812455688704245760","curahanhatiirt"
"1839996268137054351","Sat Sep 28 11:51:10 +0000 2024","0","buat yg mau order fore aku bs bantu orderin ya. GRATIS jadi cm bayar minuman/makanan aja. disc 50% max 35k. sistem: cek menu setelah diskon &gt; tf &gt; proses. khusus pickup ya (kl mau dianter ongkir ditanggung buyer). untuk seluruh outlet fore coffee #zonajajan #zonauang #ZonaBA https://t.co/57VDJUcrrz","1839996268137054351","https://pbs.twimg.com/media/GYj62hcasAMufRs.jpg","","in","","0","0","0","https://x.com/shmr______/status/1839996268137054351","949839949","shmr______"
"1839990657550823642","Sat Sep 28 11:28:52 +0000 2024","0","Dear Friends.... Sudah coba aplikasi Fore Coffee? Dapatkan diskon 50% untuk pembelian pertamamu! Download sekarang dan masukkan kode referral 6A04DC saat registrasi. https://t.co/7BcmmM8cW3","1839990657550823642","","","in","Jakarta","0","0","0","https://x.com/Rio_D2Q/status/1839990657550823642","80601455","Rio_D2Q"
"1839948182807097596","Sat Sep 28 09:40:46 +0000 2024","0","@jogjamfs fore coffee amplaz sekalian nonton jikustik","1839963453961974146","","jogjamfs","in","Planet Pluto","0","1","0","https://x.com/aditkrisma/status/1839963453961974146","318812539","aditkrisma"
"1839940201013227649","Sat Sep 28 08:08:23 +0000 2024","0","Sudahkah coba aplikasi Fore Coffee? Dapatkan diskon 50% untuk pembelian pertamamu! Download sekarang dan masukkan kode referral 6A04DC saat registrasi. https://t.co/jQPJcVrDvf","1839940201013227649","","","in","DKI Jakarta, Indonesia","0","0","0","https://x.com/OirkMan/status/1839940201013227649","2958665036","OirkMan"
"1839908001383325808","Sat Sep 28 06:00:26 +0000 2024","0","Yuk Fore Coffee nya kak Disc 50% Max 35k No fee jadi hanya bayar makanan saja Sistem Cek menu setelah diskon - TF - Proses Khusus Pickup (Kalau mau dianter ongkir ditanggung buyer) Berlaku seluruh Outlet Fore Coffee #zonauang #zonajajan #fore #forecoffee https://t.co/yELtpMxQae","1839908001383325808","https://pbs.twimg.com/media/GYiqk7BasAMN_AF.jpg","","in","","0","3","0","https://x.com/Naufalsyrf/status/1839908001383325808","714738821842251777","Naufalsyrf"
"1839892367048093943","Sat Sep 28 04:58:18 +0000 2024","0","Sudah mencoba aplikasi Fore Coffee? Dapatkan diskon 50% untuk pembelian pertamamu! Download sekarang dan masukkan kode referral 6A04DC saat registrasi. https://t.co/7BcmmM8cW3","1839892367048093943","","","in","Jakarta","0","0","0","https://x.com/Rio_D2Q/status/1839892367048093943","80601455","Rio_D2Q"
"1839886863710216501","Sat Sep 28 04:36:26 +0000 2024","0","wts jual voc voucher fore coffee diskon 50% ALL ITEM fee 5k per voucher bebas minuman apa aja.kopi/non kopi ukuran reguler/large dan sandwich juga bisa. VOUCHER READY SISA SEDIKIT #zonauang #voucher #zonajajan #zonabu #wts #wtb #guru #TimnasDay Gorontalo Mandalika P Diddy https://t.co/QhhhbDjiCj","1839886863710216501","https://pbs.twimg.com/media/GYiXWVdaUAAyLHb.jpg","","in","","0","0","0","https://x.com/SobadShopee/status/1839886863710216501","1676610715719725059","SobadShopee"
"1839867325836669025","Sat Sep 28 03:18:48 +0000 2024","1","GRATIS !! Voucher fore coffee disc 50% nihh yang mau dm aja yaaa [Gratis tanpa syarat apapun]‍️ [Menu Apa aja bebass Termasuk makanan juga bisa] [Buat hari apa aja bisa] Ingat yaa FREE! Atau rep disini kalo gabisa dm #zonauang #zonajajan #zonabu https://t.co/RcBOsEj6Es","1839867325836669025","https://pbs.twimg.com/media/GYiFlC5asAMKky1.jpg","","in","","0","2","1","https://x.com/s7nnz/status/1839867325836669025","1116842554987728896","s7nnz"
"1839861316091294066","Sat Sep 28 02:54:55 +0000 2024","0","Sudah coba aplikasi Fore Coffee? Dapatkan diskon 50% untuk pembelian pertamamu! Download sekarang dan masukkan kode referral B23CF2 saat registrasi. https://t.co/n4Ylibwppx","1839861316091294066","","","in","Tegal, Jawa Tengah","0","0","0","https://x.com/anstsyvrnca/status/1839861316091294066","1444725880622776320","anstsyvrnca"
"1839848359634579594","Sat Sep 28 02:03:26 +0000 2024","0","Sudah coba aplikasi Fore Coffee? Dapatkan diskon 50% untuk pembelian pertamamu! Download sekarang dan masukkan kode referral 6A04DC saat registrasi. https://t.co/jQPJcVrDvf","1839848359634579594","","","in","DKI Jakarta, Indonesia","0","0","0","https://x.com/OirkMan/status/1839848359634579594","2958665036","OirkMan"
"1839804543737225633","Fri Sep 27 23:09:19 +0000 2024","0","Sudah coba aplikasi Fore Coffee? Dapatkan diskon 50% untuk pembelian pertamamu! Download sekarang dan masukkan kode referral 6A04DC saat registrasi. https://t.co/7BcmmM8cW3","1839804543737225633","","","in","Jakarta","0","0","0","https://x.com/Rio_D2Q/status/1839804543737225633","80601455","Rio_D2Q"
"1839700304792530970","Fri Sep 27 16:43:51 +0000 2024","0","@jogjamfs ichiban sushi mie tawan fore coffee","1839707534636261749","","jogjamfs","in","Indonesia","0","0","0","https://x.com/ra_moon_ra/status/1839707534636261749","1552061964926390272","ra_moon_ra"
"1839699047114010716","Fri Sep 27 16:10:07 +0000 2024","0","Cara dpt promo diskon minuman di Fore Coffee cocok buat yg suka ngopi pas lg lunch/nugas/skripsian/malmingan Dpt voucher 50% (maks 35rb) bs buat minuman coffee &amp; non coffee. Cek thread ini buat info lengkapnya~","1839699047114010716","","","in","full thread:","0","0","0","https://x.com/cupidhoneymoon/status/1839699047114010716","1649420658785353736","cupidhoneymoon"
"1839668841217224841","Fri Sep 27 14:10:05 +0000 2024","0","Dear Friends.... Sudah coba aplikasi Fore Coffee? Dapatkan diskon 50% untuk pembelian pertamamu! Download sekarang dan masukkan kode referral 6A04DC saat registrasi. https://t.co/jQPJcVrDvf","1839668841217224841","","","in","DKI Jakarta, Indonesia","0","0","0","https://x.com/OirkMan/status/1839668841217224841","2958665036","OirkMan"
"1839646375090573611","Fri Sep 27 12:40:49 +0000 2024","0","KOPI FORE GRATIS B1G1 &amp; DISKON 50%! Untuk pengguna baru cukup buat akun dengan referral ini : FAA744 8FEDF8 #ForeCoffee #Gratis https://t.co/XfPvlrUw9K","1839646375090573611","https://pbs.twimg.com/media/GYe8n0ZaYAE4CTB.jpg","","in","","0","0","0","https://x.com/tensevery/status/1839646375090573611","989465218911621120","tensevery"
"1839644931654320229","Fri Sep 27 12:35:05 +0000 2024","0","Sudah coba aplikasi Fore Coffee? Dapatkan diskon 50% untuk pembelian pertamamu! Download sekarang dan masukkan kode referral EFBF29 saat registrasi. https://t.co/nkh9SS7bJN","1839644931654320229","","","in","","0","0","0","https://x.com/JIBTINY/status/1839644931654320229","1093383233314512896","JIBTINY"
"1839618046719410238","Fri Sep 27 10:48:15 +0000 2024","0","Dear Friend.... Sudah coba aplikasi Fore Coffee? Dapatkan diskon 50% untuk pembelian pertamamu! Download sekarang dan masukkan kode referral 6A04DC saat registrasi. https://t.co/7BcmmM8cW3","1839618046719410238","","","in","Jakarta","0","0","0","https://x.com/Rio_D2Q/status/1839618046719410238","80601455","Rio_D2Q"
"1839335801571971499","Thu Sep 26 16:19:10 +0000 2024","0","@lnyole Semangat bau bau bakal jadi CEO sih","1839338937195847921","","lnyole","in","Jakarta Capital Region","0","0","0","https://x.com/Dioo0______/status/1839338937195847921","1518493646009806848","Dioo0______"
"1839337102284411372","Thu Sep 26 16:15:33 +0000 2024","0","Banyak cerita hari ini kaya biasanya leadernya pasti nanyain dan nyuruh pesen minuman atau makanan online food. Untuk tadi sepakat pada beli Fore coffee beli 2 botol yang 1 liter. Yang satu liter coffee late dan satu lagi classic. Dan tau ga sih pas Dateng malah ga dingin","1839338025295516069","","KaloBisa2Knp1","in","bos plat AB","0","1","0","https://x.com/KaloBisa2Knp1/status/1839338025295516069","1080802042946379781","KaloBisa2Knp1"
"1839313390759718987","Thu Sep 26 15:44:10 +0000 2024","1","@lnyole Gas gak seh","1839330128264040483","","lnyole","in","Jakarta Capital Region","0","0","0","https://x.com/Dioo0______/status/1839330128264040483","1518493646009806848","Dioo0______"
"1839306109372477728","Thu Sep 26 14:08:43 +0000 2024","0","Dear Friend..... Sudah coba aplikasi Fore Coffee? Dapatkan diskon 50% untuk pembelian pertamamu! Download sekarang dan masukkan kode referral 6A04DC saat registrasi. https://t.co/jQPJcVrDvf","1839306109372477728","","","in","DKI Jakarta, Indonesia","0","0","0","https://x.com/OirkMan/status/1839306109372477728","2958665036","OirkMan"
"1839298218309689718","Thu Sep 26 13:37:22 +0000 2024","0","Dear Friend.... Sudah coba aplikasi Fore Coffee? Dapatkan diskon 50% untuk pembelian pertamamu! Download sekarang dan masukkan kode referral 6A04DC saat registrasi. https://t.co/7BcmmM8cW3","1839298218309689718","","","in","Jakarta","0","0","0","https://x.com/Rio_D2Q/status/1839298218309689718","80601455","Rio_D2Q"
"1839286017121202566","Thu Sep 26 12:48:53 +0000 2024","0","1. Jasmine Americano TOMORO COFFEE 2. Manuka Honey Americano Fore Coffee 3. Kyoto Latte SNDAY Coffee - Special mention: Es Kopi Bergamot Apple Little Contrast Sebetulnya lebih gurih Fore tapi Kopi Beso menang harga yang lebih ramah kantong untuk daily intake. ","1839286017121202566","","","in","","0","0","0","https://x.com/bujangteyvat/status/1839286017121202566","37889140","bujangteyvat"
"1838603338239348777","Thu Sep 26 12:09:53 +0000 2024","0","@bimbingskripsi1 punya cust dibales kak ini malah buat status sakit gigi hadeh","1839276203238371592","","bimbingskripsi1","in","","0","1","0","https://x.com/chasstoreid/status/1839276203238371592","1204613838248632321","chasstoreid"
"1839275345155150029","Thu Sep 26 12:06:29 +0000 2024","0","Sudah coba aplikasi Fore Coffee? Dapatkan diskon 50% untuk pembelian pertamamu! Download sekarang dan masukkan kode referral E0D80D saat registrasi. https://t.co/t4rJPMVBiP","1839275345155150029","","","in","00's","0","0","0","https://x.com/xHAECHANx/status/1839275345155150029","1296695104216809479","xHAECHANx"
"1839242904101126454","Thu Sep 26 09:57:34 +0000 2024","0","Sudahkah coba aplikasi Fore Coffee? Dapatkan diskon 50% untuk pembelian pertamamu! Download sekarang dan masukkan kode referral 6A04DC saat registrasi. https://t.co/jQPJcVrDvf","1839242904101126454","","","in","DKI Jakarta, Indonesia","0","0","0","https://x.com/OirkMan/status/1839242904101126454","2958665036","OirkMan"
"1839238564493799792","Thu Sep 26 09:40:19 +0000 2024","1","KOPI FORE GRATIS B1G1 &amp; DISKON 50%! Untuk pengguna baru cukup buat akun dengan referral ini : FAA744 8FEDF8 #ForeCoffee #Gratis https://t.co/10X6QBsUxh","1839238564493799792","https://pbs.twimg.com/media/GYZJuiIXoAAGGd5.jpg","","in","","0","0","1","https://x.com/tensevery/status/1839238564493799792","989465218911621120","tensevery"
"1839219685386236060","Thu Sep 26 08:25:18 +0000 2024","0","KOPI FORE GRATIS B1G1 &amp; DISKON 50%! Untuk pengguna baru cukup buat akun dengan referral ini : FAA744 8FEDF8 #ForeCoffee #Gratis https://t.co/j62ZDCEYSR","1839219685386236060","https://pbs.twimg.com/media/GYY4jmnWcAAeooQ.jpg","","in","","0","0","0","https://x.com/tensevery/status/1839219685386236060","989465218911621120","tensevery"
"1839195560886337693","Thu Sep 26 06:49:26 +0000 2024","0","Jual FORE COFFEE serba 18rb ajaaa semua outlet bisa yaa ga perlu bayar lg dikasit nnti gas yukkk! #zonauang","1839195560886337693","","","in","","0","1","0","https://x.com/emotbatu_/status/1839195560886337693","1165840578","emotbatu_"
"1839185929807999145","Thu Sep 26 06:11:10 +0000 2024","0","Sudah mencoba aplikasi Fore Coffee? Dapatkan diskon 50% untuk pembelian pertamamu! Download sekarang dan masukkan kode referral 6A04DC saat registrasi. https://t.co/7BcmmM8cW3","1839185929807999145","","","in","Jakarta","0","0","0","https://x.com/Rio_D2Q/status/1839185929807999145","80601455","Rio_D2Q"
"1839171877320921515","Thu Sep 26 05:15:20 +0000 2024","0","masih open diskon fore yaa 50% max 35k fee only 2k ajahh #zonauang open akun fore dpt voc diskon 50% 3pcs only 5k saja https://t.co/YgbXLohpuE tag fore diskon coffee","1839171877320921515","","","in","","0","1","0","https://x.com/chasstoreid/status/1839171877320921515","1204613838248632321","chasstoreid"
"1839155438954360893","Thu Sep 26 04:10:01 +0000 2024","0","Sudah coba aplikasi Fore Coffee? Dapatkan diskon 50% untuk pembelian pertamamu! Download sekarang dan masukkan kode referral 6AE4D4 saat registrasi. https://t.co/sfQavuPRNv","1839155438954360893","","","in","Indonesia","0","0","0","https://x.com/jaehyunjaesmile/status/1839155438954360893","1169984807889072128","jaehyunjaesmile"
"1839143852617216379","Thu Sep 26 03:23:58 +0000 2024","0","Sudah coba aplikasi Fore Coffee? Dapatkan diskon 50% untuk pembelian pertamamu! Download sekarang dan masukkan kode referral B1E5EA saat registrasi. https://t.co/OlOFSyVkIX","1839143852617216379","","","in","marina bay street circuit","0","0","0","https://x.com/08ofaugust/status/1839143852617216379","988735878192287744","08ofaugust"
"1839129847194595626","Thu Sep 26 02:28:19 +0000 2024","0","Sudah coba aplikasi Fore Coffee? Dapatkan diskon 50% untuk pembelian pertamamu! Download sekarang dan masukkan kode referral 6A04DC saat registrasi. https://t.co/jQPJcVrDvf","1839129847194595626","","","in","DKI Jakarta, Indonesia","0","0","0","https://x.com/OirkMan/status/1839129847194595626","2958665036","OirkMan"
"1839098336290419176","Thu Sep 26 00:23:06 +0000 2024","0","KOPI FORE GRATIS B1G1 &amp; DISKON 50%! . Untuk pengguna baru cukup buat akun dengan referral ini : FAA744 8FEDF8 #ForeCoffee #Gratis https://t.co/3osFVlOZfk","1839098336290419176","https://pbs.twimg.com/media/GYXKLxKWQAANqBI.jpg","","in","","0","0","0","https://x.com/tensevery/status/1839098336290419176","989465218911621120","tensevery"
"1839088349396742226","Wed Sep 25 23:43:25 +0000 2024","0","KOPI FORE GRATIS B1G1 &amp; DISKON 50%! . Untuk pengguna baru cukup buat akun dengan referral ini : FAA744 8FEDF8 #ForeCoffee #Gratis https://t.co/8Isls22eHO","1839088349396742226","https://pbs.twimg.com/media/GYXBGcDaMAIq4Zn.jpg","","in","","0","0","0","https://x.com/tensevery/status/1839088349396742226","989465218911621120","tensevery"
"1839077843143458994","Wed Sep 25 23:01:40 +0000 2024","0","Sudah coba aplikasi Fore Coffee? Dapatkan diskon 50% untuk pembelian pertamamu! Download sekarang dan masukkan kode referral 6A04DC saat registrasi. https://t.co/7BcmmM8cW3","1839077843143458994","","","in","Jakarta","0","0","0","https://x.com/Rio_D2Q/status/1839077843143458994","80601455","Rio_D2Q"
"1839074622815580645","Wed Sep 25 22:54:45 +0000 2024","3","7.Beli dan tukerin Fore Coffee e-Voucher Rp29.000 biar makin hemat! https://t.co/e4kkgOFwF8 8.Beli dan tukerin Farmers Market Voucher Payday Rp25.000 biar makin hemat! https://t.co/o26pJxs7qT 9.Beli dan tukerin Listirk PLN Voucher Rp500 biar makin hemat! https://t.co/ldEaH9Slli","1839076100229706066","","danavoucher","in","everywhere","0","1","0","https://x.com/danavoucher/status/1839076100229706066","740225378313113600","danavoucher"
"1839001181085217253","Wed Sep 25 17:57:03 +0000 2024","0","Rugi banget kalau ke Fore Coffee nggak pesen via aplikasi. Gih daftar ajaa biar dapet harga semurah ini. Pakai referralku yak! Dapatkan diskon 50% untuk pembelian pertamamu! Cus download sekarang dan masukkan kode referral B01F84 saat registrasi. https://t.co/w1aLbi0LVh https://t.co/LK0WWygiNG","1839001181085217253","https://pbs.twimg.com/media/GYVx0lXa8AAYfqc.jpg","","in","","0","0","0","https://x.com/blessed__loved/status/1839001181085217253","1712165532890517505","blessed__loved"
"1838991144749064330","Wed Sep 25 17:51:59 +0000 2024","36","@i_m_mortal_ Input di app fore coffee im FOREYOO40 Buruu https://t.co/Rkj5pevobq","1838999906704580784","https://pbs.twimg.com/media/GYVwqyDWgAAcXQC.jpg","i_m_mortal_","in","Jawa Barat","0","5","4","https://x.com/seringsendirian/status/1838999906704580784","1570210662273658881","seringsendirian"
"1838967282971848904","Wed Sep 25 15:42:21 +0000 2024","0","Sudah coba aplikasi Fore Coffee? Dapatkan diskon 50% untuk pembelian pertamamu! Download sekarang dan masukkan kode referral 6DE113 saat registrasi. https://t.co/zY2mxjiEE5","1838967282971848904","","","in","","0","0","0","https://x.com/aycellaa/status/1838967282971848904","1352473143235891200","aycellaa"
"1838964850762076419","Wed Sep 25 15:32:41 +0000 2024","0","Sudah coba aplikasi Fore Coffee? Dapatkan diskon 50% untuk pembelian pertamamu! Download sekarang dan masukkan kode referral 6DE113 saat registrasi. https://t.co/1tS2vkNcEU","1838964850762076419","","","in","","0","0","0","https://x.com/toberich2023/status/1838964850762076419","1518889981334687745","toberich2023"
"1838959991912620528","Wed Sep 25 15:23:52 +0000 2024","0","terus kemaren kan aku lagi ngopi di fore coffee pentacity Balikpapan. lagi asik ngobrol terus orang meja sebelah ini berdiri dan mau pulang. pas lewat di sampingku dia negur kak duluan ya ","1838962633883717871","","NunkAlhabsy","in","Kalimantan Timur, Indonesia","0","1","0","https://x.com/NunkAlhabsy/status/1838962633883717871","84561083","NunkAlhabsy"
"1838952857015611681","Wed Sep 25 14:45:01 +0000 2024","0","Sudah coba aplikasi Fore Coffee? Dapatkan diskon 50% untuk pembelian pertamamu! Download sekarang dan masukkan kode referral B23CF2 saat registrasi. https://t.co/n4Ylibwppx","1838952857015611681","","","in","Tegal, Jawa Tengah","0","0","0","https://x.com/anstsyvrnca/status/1838952857015611681","1444725880622776320","anstsyvrnca"
"1838938856420462715","Wed Sep 25 13:49:23 +0000 2024","0","Hi guyss... Sudah coba aplikasi Fore Coffee? Dapatkan diskon 50% untuk pembelian pertamamu! Download sekarang dan masukkan kode referral 6A04DC saat registrasi. https://t.co/jQPJcVrDvf","1838938856420462715","","","in","DKI Jakarta, Indonesia","0","0","0","https://x.com/OirkMan/status/1838938856420462715","2958665036","OirkMan"
"1838899563715088843","Wed Sep 25 11:13:15 +0000 2024","0","Ada yg mau voc b1g1nya fore coffee gaaaa? Sayang bgt aaa udh subscribe tp gjd berangkat :((( https://t.co/kWZI7Y5VQs","1838899563715088843","https://pbs.twimg.com/media/GYUVaHbbEAA_e2V.jpg","","in","Bibilly Hills","1","2","0","https://x.com/seriouslaayn/status/1838899563715088843","1796105940670046208","seriouslaayn"
"1838897973805420800","Wed Sep 25 11:06:56 +0000 2024","0","Pertama kali beli fore coffee langsung bintang 5 dah. Enak terjangkau buat kualitas makanan &amp; minuman segini TEMPATNYA BAGUS COKKK menyesal liat harga duluan padahal rasanya worth it buat range segituan. Lumayan laaa","1838897973805420800","","","in","tiati bg orgnya toxic","0","0","0","https://x.com/WH1SKEYZ/status/1838897973805420800","879681675034112001","WH1SKEYZ"
"1838897547135635718","Wed Sep 25 11:05:14 +0000 2024","0","Hi guyyss.... Sudah coba aplikasi Fore Coffee? Dapatkan diskon 50% untuk pembelian pertamamu! Download sekarang dan masukkan kode referral 6A04DC saat registrasi. https://t.co/7BcmmM8cW3","1838897547135635718","","","in","Jakarta","0","0","0","https://x.com/Rio_D2Q/status/1838897547135635718","80601455","Rio_D2Q"
"1838893957696336088","Wed Sep 25 10:50:59 +0000 2024","0","wts jasa order fore coffee all menu regular makanan/minuman 18k aja #zonauang #zonabu #zonajajan","1838893957696336088","","","in","","0","0","0","https://x.com/dibalikudangg/status/1838893957696336088","1773999549667016704","dibalikudangg"
